category_path,cat_leaf,cat_depth,cat_l1,cat_l2,cat_l3,cat_l4,cat_l5,cat_l6,cat_l7,category_key
Computers&Accessories|NetworkingDevices|NetworkAdapters|WirelessUSBAdapters|WirelessUSBAdapters,WirelessUSBAdapters,5,Computers&Accessories,NetworkingDevices,NetworkAdapters,WirelessUSBAdapters,,,,1
Electronics|GeneralPurposeBatteries&BatteryChargers|RechargeableBatteries|RechargeableBatteries,RechargeableBatteries,4,Electronics,GeneralPurposeBatteries&BatteryChargers,RechargeableBatteries,,,,,2
"Computers&Accessories|Accessories&Peripherals|Keyboards,Mice&InputDevices|Mice|Mice",Mice,5,Computers&Accessories,Accessories&Peripherals,"Keyboards,Mice&InputDevices",Mice,,,,3
Computers&Accessories|ExternalDevices&DataStorage|PenDrives|PenDrives,PenDrives,4,Computers&Accessories,ExternalDevices&DataStorage,PenDrives,,,,,4
"Electronics|HomeTheater,TV&Video|Accessories|Cables|OpticalCables|OpticalCables",OpticalCables,6,Electronics,"HomeTheater,TV&Video",Accessories,Cables,OpticalCables,,,5
"Electronics|HomeTheater,TV&Video|Accessories|Cables|SpeakerCables|SpeakerCables",SpeakerCables,6,Electronics,"HomeTheater,TV&Video",Accessories,Cables,SpeakerCables,,,6
Home&Kitchen|Kitchen&HomeAppliances|SmallKitchenAppliances|Pop-upToasters|Pop-upToasters,Pop-upToasters,5,Home&Kitchen,Kitchen&HomeAppliances,SmallKitchenAppliances,Pop-upToasters,,,,7
Electronics|PowerAccessories|SurgeProtectors|SurgeProtectors,SurgeProtectors,4,Electronics,PowerAccessories,SurgeProtectors,,,,,8
Computers&Accessories|NetworkingDevices|Routers|Routers,Routers,4,Computers&Accessories,NetworkingDevices,Routers,,,,,9
Home&Kitchen|Kitchen&HomeAppliances|SmallKitchenAppliances|HandBlenders|HandBlenders,HandBlenders,5,Home&Kitchen,Kitchen&HomeAppliances,SmallKitchenAppliances,HandBlenders,,,,10
Computers&Accessories|Accessories&Peripherals|Cables&Accessories|Cables|USBCables|USBCables,USBCables,6,Computers&Accessories,Accessories&Peripherals,Cables&Accessories,Cables,USBCables,,,11
"Home&Kitchen|Kitchen&HomeAppliances|Vacuum,Cleaning&Ironing|Irons,Steamers&Accessories|Irons|SteamIrons|SteamIrons",SteamIrons,7,Home&Kitchen,Kitchen&HomeAppliances,"Vacuum,Cleaning&Ironing","Irons,Steamers&Accessories",Irons,SteamIrons,,12
"Home&Kitchen|Kitchen&HomeAppliances|Coffee,Tea&Espresso|EspressoMachines|EspressoMachines",EspressoMachines,5,Home&Kitchen,Kitchen&HomeAppliances,"Coffee,Tea&Espresso",EspressoMachines,,,,13
Computers&Accessories|Accessories&Peripherals|Audio&VideoAccessories|Webcams&VoIPEquipment|Webcams|Webcams,Webcams,6,Computers&Accessories,Accessories&Peripherals,Audio&VideoAccessories,Webcams&VoIPEquipment,Webcams,,,14
"Home&Kitchen|Kitchen&HomeAppliances|Vacuum,Cleaning&Ironing|Irons,Steamers&Accessories|Irons|DryIrons|DryIrons",DryIrons,7,Home&Kitchen,Kitchen&HomeAppliances,"Vacuum,Cleaning&Ironing","Irons,Steamers&Accessories",Irons,DryIrons,,15
Home&Kitchen|Kitchen&HomeAppliances|SmallKitchenAppliances|Rice&PastaCookers|Rice&PastaCookers,Rice&PastaCookers,5,Home&Kitchen,Kitchen&HomeAppliances,SmallKitchenAppliances,Rice&PastaCookers,,,,16
Home&Kitchen|Kitchen&HomeAppliances|SmallKitchenAppliances|SandwichMakers|SandwichMakers,SandwichMakers,5,Home&Kitchen,Kitchen&HomeAppliances,SmallKitchenAppliances,SandwichMakers,,,,17
Home&Kitchen|Kitchen&HomeAppliances|WaterPurifiers&Accessories|WaterFilters&Purifiers|WaterFilters&Purifiers,WaterFilters&Purifiers,5,Home&Kitchen,Kitchen&HomeAppliances,WaterPurifiers&Accessories,WaterFilters&Purifiers,,,,18
Computers&Accessories|Accessories&Peripherals|Audio&VideoAccessories|PCHeadsets|PCHeadsets,PCHeadsets,5,Computers&Accessories,Accessories&Peripherals,Audio&VideoAccessories,PCHeadsets,,,,19
"Home&Kitchen|Heating,Cooling&AirQuality|RoomHeaters|HeatConvectors|HeatConvectors",HeatConvectors,5,Home&Kitchen,"Heating,Cooling&AirQuality",RoomHeaters,HeatConvectors,,,,20
"Home&Kitchen|Heating,Cooling&AirQuality|RoomHeaters|ElectricHeaters|ElectricHeaters",ElectricHeaters,5,Home&Kitchen,"Heating,Cooling&AirQuality",RoomHeaters,ElectricHeaters,,,,21
"Home&Kitchen|Heating,Cooling&AirQuality|RoomHeaters|HalogenHeaters|HalogenHeaters",HalogenHeaters,5,Home&Kitchen,"Heating,Cooling&AirQuality",RoomHeaters,HalogenHeaters,,,,22
Computers&Accessories|NetworkingDevices|Repeaters&Extenders|Repeaters&Extenders,Repeaters&Extenders,4,Computers&Accessories,NetworkingDevices,Repeaters&Extenders,,,,,23
"Home&Kitchen|Heating,Cooling&AirQuality|WaterHeaters&Geysers|ImmersionRods|ImmersionRods",ImmersionRods,5,Home&Kitchen,"Heating,Cooling&AirQuality",WaterHeaters&Geysers,ImmersionRods,,,,24
OfficeProducts|OfficeElectronics|Calculators|Scientific|Scientific,Scientific,5,OfficeProducts,OfficeElectronics,Calculators,Scientific,,,,25
Home&Kitchen|Kitchen&HomeAppliances|WaterPurifiers&Accessories|WaterPurifierAccessories|WaterPurifierAccessories,WaterPurifierAccessories,5,Home&Kitchen,Kitchen&HomeAppliances,WaterPurifiers&Accessories,WaterPurifierAccessories,,,,26
Computers&Accessories|Accessories&Peripherals|LaptopAccessories|Bags&Sleeves|LaptopSleeves&Slipcases|LaptopSleeves&Slipcases,LaptopSleeves&Slipcases,6,Computers&Accessories,Accessories&Peripherals,LaptopAccessories,Bags&Sleeves,LaptopSleeves&Slipcases,,,27
"Computers&Accessories|Accessories&Peripherals|Keyboards,Mice&InputDevices|Keyboard&MouseSets|Keyboard&MouseSets",Keyboard&MouseSets,5,Computers&Accessories,Accessories&Peripherals,"Keyboards,Mice&InputDevices",Keyboard&MouseSets,,,,28
Toys&Games|Arts&Crafts|Drawing&PaintingSupplies|ColouringPens&Markers|ColouringPens&Markers,ColouringPens&Markers,5,Toys&Games,Arts&Crafts,Drawing&PaintingSupplies,ColouringPens&Markers,,,,29
Electronics|GeneralPurposeBatteries&BatteryChargers|DisposableBatteries|DisposableBatteries,DisposableBatteries,4,Electronics,GeneralPurposeBatteries&BatteryChargers,DisposableBatteries,,,,,30
Home&Kitchen|Kitchen&HomeAppliances|SmallKitchenAppliances|InductionCooktop|InductionCooktop,InductionCooktop,5,Home&Kitchen,Kitchen&HomeAppliances,SmallKitchenAppliances,InductionCooktop,,,,31
"Electronics|HomeTheater,TV&Video|Accessories|Cables|HDMICables|HDMICables",HDMICables,6,Electronics,"HomeTheater,TV&Video",Accessories,Cables,HDMICables,,,32
Computers&Accessories|Accessories&Peripherals|Cables&Accessories|Cables|EthernetCables|EthernetCables,EthernetCables,6,Computers&Accessories,Accessories&Peripherals,Cables&Accessories,Cables,EthernetCables,,,33
Home&Kitchen|Kitchen&HomeAppliances|WaterPurifiers&Accessories|WaterCartridges|WaterCartridges,WaterCartridges,5,Home&Kitchen,Kitchen&HomeAppliances,WaterPurifiers&Accessories,WaterCartridges,,,,34
Home&Kitchen|Kitchen&HomeAppliances|SmallKitchenAppliances|MixerGrinders|MixerGrinders,MixerGrinders,5,Home&Kitchen,Kitchen&HomeAppliances,SmallKitchenAppliances,MixerGrinders,,,,35
"OfficeProducts|OfficePaperProducts|Paper|Stationery|Notebooks,WritingPads&Diaries|CompositionNotebooks|CompositionNotebooks",CompositionNotebooks,7,OfficeProducts,OfficePaperProducts,Paper,Stationery,"Notebooks,WritingPads&Diaries",CompositionNotebooks,,36
"Home&Kitchen|Heating,Cooling&AirQuality|Fans|ExhaustFans|ExhaustFans",ExhaustFans,5,Home&Kitchen,"Heating,Cooling&AirQuality",Fans,ExhaustFans,,,,37
"Home&Kitchen|Kitchen&HomeAppliances|Vacuum,Cleaning&Ironing|Vacuums&FloorCare|Vacuums|Wet-DryVacuums|Wet-DryVacuums",Wet-DryVacuums,7,Home&Kitchen,Kitchen&HomeAppliances,"Vacuum,Cleaning&Ironing",Vacuums&FloorCare,Vacuums,Wet-DryVacuums,,38
OfficeProducts|OfficeElectronics|Calculators|Financial&Business|Financial&Business,Financial&Business,5,OfficeProducts,OfficeElectronics,Calculators,Financial&Business,,,,39
Home&Kitchen|CraftMaterials|PaintingMaterials|Paints|Paints,Paints,5,Home&Kitchen,CraftMaterials,PaintingMaterials,Paints,,,,40
"Home&Kitchen|Heating,Cooling&AirQuality|RoomHeaters|RoomHeaters",RoomHeaters,4,Home&Kitchen,"Heating,Cooling&AirQuality",RoomHeaters,,,,,41
"OfficeProducts|OfficePaperProducts|Paper|Stationery|Pens,Pencils&WritingSupplies|Pens&Refills|RetractableBallpointPens|RetractableBallpointPens",RetractableBallpointPens,8,OfficeProducts,OfficePaperProducts,Paper,Stationery,"Pens,Pencils&WritingSupplies",Pens&Refills,RetractableBallpointPens,42
"OfficeProducts|OfficePaperProducts|Paper|Stationery|Pens,Pencils&WritingSupplies|Pens&Refills|BottledInk|BottledInk",BottledInk,8,OfficeProducts,OfficePaperProducts,Paper,Stationery,"Pens,Pencils&WritingSupplies",Pens&Refills,BottledInk,43
Electronics|GeneralPurposeBatteries&BatteryChargers|GeneralPurposeBatteries&BatteryChargers,GeneralPurposeBatteries&BatteryChargers,3,Electronics,GeneralPurposeBatteries&BatteryChargers,,,,,,44
Home&Kitchen|CraftMaterials|PaintingMaterials|PaintingMaterials,PaintingMaterials,4,Home&Kitchen,CraftMaterials,PaintingMaterials,,,,,45
"OfficeProducts|OfficePaperProducts|Paper|Stationery|Pens,Pencils&WritingSupplies|Pens&Refills|FountainPens|FountainPens",FountainPens,8,OfficeProducts,OfficePaperProducts,Paper,Stationery,"Pens,Pencils&WritingSupplies",Pens&Refills,FountainPens,46
"OfficeProducts|OfficePaperProducts|Paper|Stationery|Notebooks,WritingPads&Diaries|WireboundNotebooks|WireboundNotebooks",WireboundNotebooks,7,OfficeProducts,OfficePaperProducts,Paper,Stationery,"Notebooks,WritingPads&Diaries",WireboundNotebooks,,47
"OfficeProducts|OfficePaperProducts|Paper|Stationery|Pens,Pencils&WritingSupplies|Pens&Refills|StickBallpointPens|StickBallpointPens",StickBallpointPens,8,OfficeProducts,OfficePaperProducts,Paper,Stationery,"Pens,Pencils&WritingSupplies",Pens&Refills,StickBallpointPens,48
"Computers&Accessories|Accessories&Peripherals|Keyboards,Mice&InputDevices|Keyboard&MiceAccessories|DustCovers|DustCovers",DustCovers,6,Computers&Accessories,Accessories&Peripherals,"Keyboards,Mice&InputDevices",Keyboard&MiceAccessories,DustCovers,,,49
"Computers&Accessories|Accessories&Peripherals|Keyboards,Mice&InputDevices|Keyboards|Keyboards",Keyboards,5,Computers&Accessories,Accessories&Peripherals,"Keyboards,Mice&InputDevices",Keyboards,,,,50
"OfficeProducts|OfficePaperProducts|Paper|Stationery|Notebooks,WritingPads&Diaries|Notepads&MemoBooks|Notepads&MemoBooks",Notepads&MemoBooks,7,OfficeProducts,OfficePaperProducts,Paper,Stationery,"Notebooks,WritingPads&Diaries",Notepads&MemoBooks,,51
Home&Kitchen|CraftMaterials|Scrapbooking|Tape|Tape,Tape,5,Home&Kitchen,CraftMaterials,Scrapbooking,Tape,,,,52
Electronics|Cameras&Photography|Accessories|Batteries&Chargers|BatteryChargers|BatteryChargers,BatteryChargers,6,Electronics,Cameras&Photography,Accessories,Batteries&Chargers,BatteryChargers,,,53
Computers&Accessories|Accessories&Peripherals|PCGamingPeripherals|GamingMice|GamingMice,GamingMice,5,Computers&Accessories,Accessories&Peripherals,PCGamingPeripherals,GamingMice,,,,54
Computers&Accessories|Accessories&Peripherals|HardDiskBags|HardDiskBags,HardDiskBags,4,Computers&Accessories,Accessories&Peripherals,HardDiskBags,,,,,55
Home&Kitchen|Kitchen&HomeAppliances|SmallKitchenAppliances|Kettles&HotWaterDispensers|ElectricKettles|ElectricKettles,ElectricKettles,6,Home&Kitchen,Kitchen&HomeAppliances,SmallKitchenAppliances,Kettles&HotWaterDispensers,ElectricKettles,,,56
"Home&Kitchen|Heating,Cooling&AirQuality|RoomHeaters|FanHeaters|FanHeaters",FanHeaters,5,Home&Kitchen,"Heating,Cooling&AirQuality",RoomHeaters,FanHeaters,,,,57
"Home&Kitchen|Kitchen&HomeAppliances|Coffee,Tea&Espresso|DripCoffeeMachines|DripCoffeeMachines",DripCoffeeMachines,5,Home&Kitchen,Kitchen&HomeAppliances,"Coffee,Tea&Espresso",DripCoffeeMachines,,,,58
Electronics|Cameras&Photography|Accessories|Film|Film,Film,5,Electronics,Cameras&Photography,Accessories,Film,,,,59
"Electronics|HomeTheater,TV&Video|Accessories|RemoteControls|RemoteControls",RemoteControls,5,Electronics,"HomeTheater,TV&Video",Accessories,RemoteControls,,,,60
"OfficeProducts|OfficePaperProducts|Paper|Stationery|Pens,Pencils&WritingSupplies|Pens&Refills|LiquidInkRollerballPens|LiquidInkRollerballPens",LiquidInkRollerballPens,8,OfficeProducts,OfficePaperProducts,Paper,Stationery,"Pens,Pencils&WritingSupplies",Pens&Refills,LiquidInkRollerballPens,61
Home&Kitchen|Kitchen&HomeAppliances|SmallKitchenAppliances|Juicers|Juicers,Juicers,5,Home&Kitchen,Kitchen&HomeAppliances,SmallKitchenAppliances,Juicers,,,,62
Home&Kitchen|Kitchen&HomeAppliances|SmallKitchenAppliances|VacuumSealers|VacuumSealers,VacuumSealers,5,Home&Kitchen,Kitchen&HomeAppliances,SmallKitchenAppliances,VacuumSealers,,,,63
"Home&Kitchen|Kitchen&HomeAppliances|Vacuum,Cleaning&Ironing|Irons,Steamers&Accessories|LintShavers|LintShavers",LintShavers,6,Home&Kitchen,Kitchen&HomeAppliances,"Vacuum,Cleaning&Ironing","Irons,Steamers&Accessories",LintShavers,,,64
Computers&Accessories|Accessories&Peripherals|USBGadgets|Lamps|Lamps,Lamps,5,Computers&Accessories,Accessories&Peripherals,USBGadgets,Lamps,,,,65
"Home&Kitchen|Kitchen&HomeAppliances|Vacuum,Cleaning&Ironing|Vacuums&FloorCare|Vacuums|CanisterVacuums|CanisterVacuums",CanisterVacuums,7,Home&Kitchen,Kitchen&HomeAppliances,"Vacuum,Cleaning&Ironing",Vacuums&FloorCare,Vacuums,CanisterVacuums,,66
Home&Kitchen|CraftMaterials|DrawingMaterials|DrawingMedia|Pencils|WoodenPencils|WoodenPencils,WoodenPencils,7,Home&Kitchen,CraftMaterials,DrawingMaterials,DrawingMedia,Pencils,WoodenPencils,,67
Home&Kitchen|Kitchen&HomeAppliances|SmallKitchenAppliances|JuicerMixerGrinders|JuicerMixerGrinders,JuicerMixerGrinders,5,Home&Kitchen,Kitchen&HomeAppliances,SmallKitchenAppliances,JuicerMixerGrinders,,,,68
"Electronics|Headphones,Earbuds&Accessories|Headphones|On-Ear|On-Ear",On-Ear,5,Electronics,"Headphones,Earbuds&Accessories",Headphones,On-Ear,,,,69
Electronics|Mobiles&Accessories|MobileAccessories|Chargers|WallChargers|WallChargers,WallChargers,6,Electronics,Mobiles&Accessories,MobileAccessories,Chargers,WallChargers,,,70
Home&Kitchen|Kitchen&HomeAppliances|SmallKitchenAppliances|SmallApplianceParts&Accessories|StandMixerAccessories|StandMixerAccessories,StandMixerAccessories,6,Home&Kitchen,Kitchen&HomeAppliances,SmallKitchenAppliances,SmallApplianceParts&Accessories,StandMixerAccessories,,,71
Home&Kitchen|Kitchen&HomeAppliances|SmallKitchenAppliances|DigitalKitchenScales|DigitalKitchenScales,DigitalKitchenScales,5,Home&Kitchen,Kitchen&HomeAppliances,SmallKitchenAppliances,DigitalKitchenScales,,,,72
"Home&Kitchen|Heating,Cooling&AirQuality|WaterHeaters&Geysers|InstantWaterHeaters|InstantWaterHeaters",InstantWaterHeaters,5,Home&Kitchen,"Heating,Cooling&AirQuality",WaterHeaters&Geysers,InstantWaterHeaters,,,,73
Home&Kitchen|Kitchen&HomeAppliances|SmallKitchenAppliances|WaffleMakers&Irons|WaffleMakers&Irons,WaffleMakers&Irons,5,Home&Kitchen,Kitchen&HomeAppliances,SmallKitchenAppliances,WaffleMakers&Irons,,,,74
Computers&Accessories|Accessories&Peripherals|UninterruptedPowerSupplies|UninterruptedPowerSupplies,UninterruptedPowerSupplies,4,Computers&Accessories,Accessories&Peripherals,UninterruptedPowerSupplies,,,,,75
Computers&Accessories|Accessories&Peripherals|TabletAccessories|Stands|Stands,Stands,5,Computers&Accessories,Accessories&Peripherals,TabletAccessories,Stands,,,,76
Home&Kitchen|Kitchen&HomeAppliances|SmallKitchenAppliances|HandMixers|HandMixers,HandMixers,5,Home&Kitchen,Kitchen&HomeAppliances,SmallKitchenAppliances,HandMixers,,,,77
"Home&Kitchen|Heating,Cooling&AirQuality|WaterHeaters&Geysers|StorageWaterHeaters|StorageWaterHeaters",StorageWaterHeaters,5,Home&Kitchen,"Heating,Cooling&AirQuality",WaterHeaters&Geysers,StorageWaterHeaters,,,,78
Home&Kitchen|Kitchen&HomeAppliances|SmallKitchenAppliances|RotiMakers|RotiMakers,RotiMakers,5,Home&Kitchen,Kitchen&HomeAppliances,SmallKitchenAppliances,RotiMakers,,,,79
"Home&Kitchen|Heating,Cooling&AirQuality|Parts&Accessories|FanParts&Accessories|FanParts&Accessories",FanParts&Accessories,5,Home&Kitchen,"Heating,Cooling&AirQuality",Parts&Accessories,FanParts&Accessories,,,,80
"Electronics|HomeTheater,TV&Video|Accessories|Cables|RCACables|RCACables",RCACables,6,Electronics,"HomeTheater,TV&Video",Accessories,Cables,RCACables,,,81
"Electronics|Headphones,Earbuds&Accessories|Headphones|In-Ear|In-Ear",In-Ear,5,Electronics,"Headphones,Earbuds&Accessories",Headphones,In-Ear,,,,82
"Computers&Accessories|Printers,Inks&Accessories|Printers|InkjetPrinters|InkjetPrinters",InkjetPrinters,5,Computers&Accessories,"Printers,Inks&Accessories",Printers,InkjetPrinters,,,,83
"Home&Kitchen|Kitchen&HomeAppliances|Coffee,Tea&Espresso|CoffeeMakerAccessories|MeasuringSpoons|MeasuringSpoons",MeasuringSpoons,6,Home&Kitchen,Kitchen&HomeAppliances,"Coffee,Tea&Espresso",CoffeeMakerAccessories,MeasuringSpoons,,,84
Electronics|Cameras&Photography|Accessories|Cleaners|CleaningKits|CleaningKits,CleaningKits,6,Electronics,Cameras&Photography,Accessories,Cleaners,CleaningKits,,,85
Computers&Accessories|Accessories&Peripherals|LaptopAccessories|LaptopChargers&PowerSupplies|LaptopChargers&PowerSupplies,LaptopChargers&PowerSupplies,5,Computers&Accessories,Accessories&Peripherals,LaptopAccessories,LaptopChargers&PowerSupplies,,,,86
Computers&Accessories|Accessories&Peripherals|PCGamingPeripherals|Gamepads|Gamepads,Gamepads,5,Computers&Accessories,Accessories&Peripherals,PCGamingPeripherals,Gamepads,,,,87
Computers&Accessories|Accessories&Peripherals|Cables&Accessories|Cables|DVICables|DVICables,DVICables,6,Computers&Accessories,Accessories&Peripherals,Cables&Accessories,Cables,DVICables,,,88
"Computers&Accessories|Printers,Inks&Accessories|Printers|Printers",Printers,4,Computers&Accessories,"Printers,Inks&Accessories",Printers,,,,,89
"Home&Kitchen|Heating,Cooling&AirQuality|AirPurifiers|HEPAAirPurifiers|HEPAAirPurifiers",HEPAAirPurifiers,5,Home&Kitchen,"Heating,Cooling&AirQuality",AirPurifiers,HEPAAirPurifiers,,,,90
"Home&Kitchen|Heating,Cooling&AirQuality|Fans|CeilingFans|CeilingFans",CeilingFans,5,Home&Kitchen,"Heating,Cooling&AirQuality",Fans,CeilingFans,,,,91
Home&Kitchen|Kitchen&Dining|KitchenTools|ManualChoppers&Chippers|Choppers|Choppers,Choppers,6,Home&Kitchen,Kitchen&Dining,KitchenTools,ManualChoppers&Chippers,Choppers,,,92
Home&Kitchen|HomeStorage&Organization|LaundryOrganization|LaundryBaskets|LaundryBaskets,LaundryBaskets,5,Home&Kitchen,HomeStorage&Organization,LaundryOrganization,LaundryBaskets,,,,93
Home&Kitchen|Kitchen&HomeAppliances|SmallKitchenAppliances|MiniFoodProcessors&Choppers|MiniFoodProcessors&Choppers,MiniFoodProcessors&Choppers,5,Home&Kitchen,Kitchen&HomeAppliances,SmallKitchenAppliances,MiniFoodProcessors&Choppers,,,,94
"Home&Kitchen|Heating,Cooling&AirQuality|Humidifiers|Humidifiers",Humidifiers,4,Home&Kitchen,"Heating,Cooling&AirQuality",Humidifiers,,,,,95
Home&Kitchen|Kitchen&HomeAppliances|SmallKitchenAppliances|SmallApplianceParts&Accessories|SmallApplianceParts&Accessories,SmallApplianceParts&Accessories,5,Home&Kitchen,Kitchen&HomeAppliances,SmallKitchenAppliances,SmallApplianceParts&Accessories,,,,96
Computers&Accessories|ExternalDevices&DataStorage|ExternalHardDisks|ExternalHardDisks,ExternalHardDisks,4,Computers&Accessories,ExternalDevices&DataStorage,ExternalHardDisks,,,,,97
"Electronics|HomeTheater,TV&Video|Televisions|StandardTelevisions|StandardTelevisions",StandardTelevisions,5,Electronics,"HomeTheater,TV&Video",Televisions,StandardTelevisions,,,,98
Electronics|HomeAudio|Accessories|Adapters|Adapters,Adapters,5,Electronics,HomeAudio,Accessories,Adapters,,,,99
Electronics|Mobiles&Accessories|MobileAccessories|Chargers|AutomobileChargers|AutomobileChargers,AutomobileChargers,6,Electronics,Mobiles&Accessories,MobileAccessories,Chargers,AutomobileChargers,,,100
Electronics|Mobiles&Accessories|MobileAccessories|AutomobileAccessories|Cradles|Cradles,Cradles,6,Electronics,Mobiles&Accessories,MobileAccessories,AutomobileAccessories,Cradles,,,101
Electronics|Cameras&Photography|Accessories|Tripods&Monopods|CompleteTripodUnits|CompleteTripodUnits,CompleteTripodUnits,6,Electronics,Cameras&Photography,Accessories,Tripods&Monopods,CompleteTripodUnits,,,102
OfficeProducts|OfficeElectronics|Calculators|Basic|Basic,Basic,5,OfficeProducts,OfficeElectronics,Calculators,Basic,,,,103
"Electronics|HomeTheater,TV&Video|Accessories|TVMounts,Stands&Turntables|TVWall&CeilingMounts|TVWall&CeilingMounts",TVWall&CeilingMounts,6,Electronics,"HomeTheater,TV&Video",Accessories,"TVMounts,Stands&Turntables",TVWall&CeilingMounts,,,104
"Electronics|HomeTheater,TV&Video|SatelliteEquipment|SatelliteReceivers|SatelliteReceivers",SatelliteReceivers,5,Electronics,"HomeTheater,TV&Video",SatelliteEquipment,SatelliteReceivers,,,,105
"Home&Kitchen|Kitchen&HomeAppliances|Coffee,Tea&Espresso|MilkFrothers|MilkFrothers",MilkFrothers,5,Home&Kitchen,Kitchen&HomeAppliances,"Coffee,Tea&Espresso",MilkFrothers,,,,106
MusicalInstruments|Microphones|Condenser|Condenser,Condenser,4,MusicalInstruments,Microphones,Condenser,,,,,107
Home&Kitchen|Kitchen&HomeAppliances|SmallKitchenAppliances|Mills&Grinders|WetGrinders|WetGrinders,WetGrinders,6,Home&Kitchen,Kitchen&HomeAppliances,SmallKitchenAppliances,Mills&Grinders,WetGrinders,,,108
"Computers&Accessories|Accessories&Peripherals|Keyboards,Mice&InputDevices|GraphicTablets|GraphicTablets",GraphicTablets,5,Computers&Accessories,Accessories&Peripherals,"Keyboards,Mice&InputDevices",GraphicTablets,,,,109
Home&Kitchen|Kitchen&HomeAppliances|SmallKitchenAppliances|Kettles&HotWaterDispensers|Kettle&ToasterSets|Kettle&ToasterSets,Kettle&ToasterSets,6,Home&Kitchen,Kitchen&HomeAppliances,SmallKitchenAppliances,Kettles&HotWaterDispensers,Kettle&ToasterSets,,,110
Computers&Accessories|Accessories&Peripherals|LaptopAccessories|Lapdesks|Lapdesks,Lapdesks,5,Computers&Accessories,Accessories&Peripherals,LaptopAccessories,Lapdesks,,,,111
Computers&Accessories|Accessories&Peripherals|PCGamingPeripherals|Headsets|Headsets,Headsets,5,Computers&Accessories,Accessories&Peripherals,PCGamingPeripherals,Headsets,,,,112
Electronics|HomeAudio|Speakers|BluetoothSpeakers|BluetoothSpeakers,BluetoothSpeakers,5,Electronics,HomeAudio,Speakers,BluetoothSpeakers,,,,113
Health&PersonalCare|HomeMedicalSupplies&Equipment|HealthMonitors|WeighingScales|DigitalBathroomScales|DigitalBathroomScales,DigitalBathroomScales,6,Health&PersonalCare,HomeMedicalSupplies&Equipment,HealthMonitors,WeighingScales,DigitalBathroomScales,,,114
Electronics|Accessories|MemoryCards|MicroSD|MicroSD,MicroSD,5,Electronics,Accessories,MemoryCards,MicroSD,,,,115
"Electronics|Headphones,Earbuds&Accessories|Cases|Cases",Cases,4,Electronics,"Headphones,Earbuds&Accessories",Cases,,,,,116
"Home&Kitchen|Kitchen&HomeAppliances|Vacuum,Cleaning&Ironing|Vacuums&FloorCare|VacuumAccessories|VacuumBags|HandheldBags|HandheldBags",HandheldBags,8,Home&Kitchen,Kitchen&HomeAppliances,"Vacuum,Cleaning&Ironing",Vacuums&FloorCare,VacuumAccessories,VacuumBags,HandheldBags,117
Computers&Accessories|Components|InternalSolidStateDrives|InternalSolidStateDrives,InternalSolidStateDrives,4,Computers&Accessories,Components,InternalSolidStateDrives,,,,,118
Computers&Accessories|Accessories&Peripherals|USBHubs|USBHubs,USBHubs,4,Computers&Accessories,Accessories&Peripherals,USBHubs,,,,,119
Home&Kitchen|Kitchen&HomeAppliances|SmallKitchenAppliances|EggBoilers|EggBoilers,EggBoilers,5,Home&Kitchen,Kitchen&HomeAppliances,SmallKitchenAppliances,EggBoilers,,,,120
Electronics|Mobiles&Accessories|MobileAccessories|Stands|Stands,Stands,5,Electronics,Mobiles&Accessories,MobileAccessories,Stands,,,,121
Electronics|Mobiles&Accessories|MobileAccessories|Mounts|Shower&WallMounts|Shower&WallMounts,Shower&WallMounts,6,Electronics,Mobiles&Accessories,MobileAccessories,Mounts,Shower&WallMounts,,,122
Home&Kitchen|CraftMaterials|DrawingMaterials|DrawingMedia|Pens|Pens,Pens,6,Home&Kitchen,CraftMaterials,DrawingMaterials,DrawingMedia,Pens,,,123
"OfficeProducts|OfficePaperProducts|Paper|Stationery|Pens,Pencils&WritingSupplies|Pens&Refills|GelInkRollerballPens|GelInkRollerballPens",GelInkRollerballPens,8,OfficeProducts,OfficePaperProducts,Paper,Stationery,"Pens,Pencils&WritingSupplies",Pens&Refills,GelInkRollerballPens,124
"Computers&Accessories|Printers,Inks&Accessories|Inks,Toners&Cartridges|TonerCartridges|TonerCartridges",TonerCartridges,5,Computers&Accessories,"Printers,Inks&Accessories","Inks,Toners&Cartridges",TonerCartridges,,,,125
Electronics|HomeAudio|Speakers|MultimediaSpeakerSystems|MultimediaSpeakerSystems,MultimediaSpeakerSystems,5,Electronics,HomeAudio,Speakers,MultimediaSpeakerSystems,,,,126
"Computers&Accessories|Printers,Inks&Accessories|Inks,Toners&Cartridges|InkjetInkCartridges|InkjetInkCartridges",InkjetInkCartridges,5,Computers&Accessories,"Printers,Inks&Accessories","Inks,Toners&Cartridges",InkjetInkCartridges,,,,127
Home&Kitchen|Kitchen&HomeAppliances|SmallKitchenAppliances|OvenToasterGrills|OvenToasterGrills,OvenToasterGrills,5,Home&Kitchen,Kitchen&HomeAppliances,SmallKitchenAppliances,OvenToasterGrills,,,,128
Electronics|Cameras&Photography|Accessories|Tripods&Monopods|Tabletop&TravelTripods|Tabletop&TravelTripods,Tabletop&TravelTripods,6,Electronics,Cameras&Photography,Accessories,Tripods&Monopods,Tabletop&TravelTripods,,,129
"Home&Kitchen|Heating,Cooling&AirQuality|Fans|PedestalFans|PedestalFans",PedestalFans,5,Home&Kitchen,"Heating,Cooling&AirQuality",Fans,PedestalFans,,,,130
"Computers&Accessories|Printers,Inks&Accessories|Inks,Toners&Cartridges|InkjetInkRefills&Kits|InkjetInkRefills&Kits",InkjetInkRefills&Kits,5,Computers&Accessories,"Printers,Inks&Accessories","Inks,Toners&Cartridges",InkjetInkRefills&Kits,,,,131
Electronics|Mobiles&Accessories|MobileAccessories|Cables&Adapters|OTGAdapters|OTGAdapters,OTGAdapters,6,Electronics,Mobiles&Accessories,MobileAccessories,Cables&Adapters,OTGAdapters,,,132
Electronics|Mobiles&Accessories|MobileAccessories|Photo&VideoAccessories|SelfieSticks|SelfieSticks,SelfieSticks,6,Electronics,Mobiles&Accessories,MobileAccessories,Photo&VideoAccessories,SelfieSticks,,,133
Home&Kitchen|Kitchen&HomeAppliances|SmallKitchenAppliances|Juicers|ColdPressJuicers|ColdPressJuicers,ColdPressJuicers,6,Home&Kitchen,Kitchen&HomeAppliances,SmallKitchenAppliances,Juicers,ColdPressJuicers,,,134
HomeImprovement|Electrical|CordManagement|CordManagement,CordManagement,4,HomeImprovement,Electrical,CordManagement,,,,,135
Electronics|Mobiles&Accessories|MobileAccessories|Chargers|PowerBanks|PowerBanks,PowerBanks,6,Electronics,Mobiles&Accessories,MobileAccessories,Chargers,PowerBanks,,,136
"Computers&Accessories|Accessories&Peripherals|Keyboards,Mice&InputDevices|Keyboard&MiceAccessories|MousePads|MousePads",MousePads,6,Computers&Accessories,Accessories&Peripherals,"Keyboards,Mice&InputDevices",Keyboard&MiceAccessories,MousePads,,,137
"Home&Kitchen|Kitchen&HomeAppliances|Vacuum,Cleaning&Ironing|Vacuums&FloorCare|Vacuums|HandheldVacuums|HandheldVacuums",HandheldVacuums,7,Home&Kitchen,Kitchen&HomeAppliances,"Vacuum,Cleaning&Ironing",Vacuums&FloorCare,Vacuums,HandheldVacuums,,138
Computers&Accessories|Accessories&Peripherals|TabletAccessories|ScreenProtectors|ScreenProtectors,ScreenProtectors,5,Computers&Accessories,Accessories&Peripherals,TabletAccessories,ScreenProtectors,,,,139
Computers&Accessories|Accessories&Peripherals|HardDriveAccessories|Caddies|Caddies,Caddies,5,Computers&Accessories,Accessories&Peripherals,HardDriveAccessories,Caddies,,,,140
Electronics|HomeAudio|Speakers|OutdoorSpeakers|OutdoorSpeakers,OutdoorSpeakers,5,Electronics,HomeAudio,Speakers,OutdoorSpeakers,,,,141
Electronics|Mobiles&Accessories|Smartphones&BasicMobiles|Smartphones|Smartphones,Smartphones,5,Electronics,Mobiles&Accessories,Smartphones&BasicMobiles,Smartphones,,,,142
HomeImprovement|Electrical|Adapters&Multi-Outlets|Adapters&Multi-Outlets,Adapters&Multi-Outlets,4,HomeImprovement,Electrical,Adapters&Multi-Outlets,,,,,143
Computers&Accessories|Accessories&Peripherals|LaptopAccessories|NotebookComputerStands|NotebookComputerStands,NotebookComputerStands,5,Computers&Accessories,Accessories&Peripherals,LaptopAccessories,NotebookComputerStands,,,,144
Electronics|Cameras&Photography|SecurityCameras|DomeCameras|DomeCameras,DomeCameras,5,Electronics,Cameras&Photography,SecurityCameras,DomeCameras,,,,145
Computers&Accessories|ExternalDevices&DataStorage|ExternalMemoryCardReaders|ExternalMemoryCardReaders,ExternalMemoryCardReaders,4,Computers&Accessories,ExternalDevices&DataStorage,ExternalMemoryCardReaders,,,,,146
"Computers&Accessories|Accessories&Peripherals|TabletAccessories|Bags,Cases&Sleeves|Cases|Cases",Cases,6,Computers&Accessories,Accessories&Peripherals,TabletAccessories,"Bags,Cases&Sleeves",Cases,,,147
Computers&Accessories|Accessories&Peripherals|LaptopAccessories|CoolingPads|CoolingPads,CoolingPads,5,Computers&Accessories,Accessories&Peripherals,LaptopAccessories,CoolingPads,,,,148
Electronics|WearableTechnology|SmartWatches|SmartWatches,SmartWatches,4,Electronics,WearableTechnology,SmartWatches,,,,,149
Home&Kitchen|HomeStorage&Organization|LaundryOrganization|IroningAccessories|SprayBottles|SprayBottles,SprayBottles,6,Home&Kitchen,HomeStorage&Organization,LaundryOrganization,IroningAccessories,SprayBottles,,,150
Home&Kitchen|Kitchen&HomeAppliances|SmallKitchenAppliances|DigitalKitchenScales|DigitalScales|DigitalScales,DigitalScales,6,Home&Kitchen,Kitchen&HomeAppliances,SmallKitchenAppliances,DigitalKitchenScales,DigitalScales,,,151
Home&Kitchen|HomeStorage&Organization|LaundryOrganization|LaundryBags|LaundryBags,LaundryBags,5,Home&Kitchen,HomeStorage&Organization,LaundryOrganization,LaundryBags,,,,152
"Electronics|HomeTheater,TV&Video|Televisions|SmartTelevisions|SmartTelevisions",SmartTelevisions,5,Electronics,"HomeTheater,TV&Video",Televisions,SmartTelevisions,,,,153
Computers&Accessories|Accessories&Peripherals|PCGamingPeripherals|GamingKeyboards|GamingKeyboards,GamingKeyboards,5,Computers&Accessories,Accessories&Peripherals,PCGamingPeripherals,GamingKeyboards,,,,154
"Electronics|Headphones,Earbuds&Accessories|Headphones|Over-Ear|Over-Ear",Over-Ear,5,Electronics,"Headphones,Earbuds&Accessories",Headphones,Over-Ear,,,,155
Computers&Accessories|Accessories&Peripherals|Cables&Accessories|CableConnectionProtectors|CableConnectionProtectors,CableConnectionProtectors,5,Computers&Accessories,Accessories&Peripherals,Cables&Accessories,CableConnectionProtectors,,,,156
Computers&Accessories|Accessories&Peripherals|LaptopAccessories|LaptopAccessories,LaptopAccessories,4,Computers&Accessories,Accessories&Peripherals,LaptopAccessories,,,,,157
Home&Kitchen|Kitchen&HomeAppliances|SewingMachines&Accessories|Sewing&EmbroideryMachines|Sewing&EmbroideryMachines,Sewing&EmbroideryMachines,5,Home&Kitchen,Kitchen&HomeAppliances,SewingMachines&Accessories,Sewing&EmbroideryMachines,,,,158
Electronics|Cameras&Photography|Accessories|PhotoStudio&Lighting|PhotoBackgroundAccessories|BackgroundSupports|BackgroundSupports,BackgroundSupports,7,Electronics,Cameras&Photography,Accessories,PhotoStudio&Lighting,PhotoBackgroundAccessories,BackgroundSupports,,159
"Home&Kitchen|Kitchen&HomeAppliances|Coffee,Tea&Espresso|CoffeePresses|CoffeePresses",CoffeePresses,5,Home&Kitchen,Kitchen&HomeAppliances,"Coffee,Tea&Espresso",CoffeePresses,,,,160
"Electronics|HomeTheater,TV&Video|Projectors|Projectors",Projectors,4,Electronics,"HomeTheater,TV&Video",Projectors,,,,,161
Electronics|Cameras&Photography|Accessories|Tripods&Monopods|TripodLegs|TripodLegs,TripodLegs,6,Electronics,Cameras&Photography,Accessories,Tripods&Monopods,TripodLegs,,,162
"Electronics|Headphones,Earbuds&Accessories|Adapters|Adapters",Adapters,4,Electronics,"Headphones,Earbuds&Accessories",Adapters,,,,,163
Computers&Accessories|Accessories&Peripherals|LaptopAccessories|CameraPrivacyCovers|CameraPrivacyCovers,CameraPrivacyCovers,5,Computers&Accessories,Accessories&Peripherals,LaptopAccessories,CameraPrivacyCovers,,,,164
Computers&Accessories|Components|Memory|Memory,Memory,4,Computers&Accessories,Components,Memory,,,,,165
Electronics|HomeAudio|Speakers|SoundbarSpeakers|SoundbarSpeakers,SoundbarSpeakers,5,Electronics,HomeAudio,Speakers,SoundbarSpeakers,,,,166
Electronics|Cameras&Photography|VideoCameras|VideoCameras,VideoCameras,4,Electronics,Cameras&Photography,VideoCameras,,,,,167
Computers&Accessories|NetworkingDevices|NetworkAdapters|PowerLANAdapters|PowerLANAdapters,PowerLANAdapters,5,Computers&Accessories,NetworkingDevices,NetworkAdapters,PowerLANAdapters,,,,168
Computers&Accessories|ExternalDevices&DataStorage|ExternalSolidStateDrives|ExternalSolidStateDrives,ExternalSolidStateDrives,4,Computers&Accessories,ExternalDevices&DataStorage,ExternalSolidStateDrives,,,,,169
Electronics|Accessories|MemoryCards|SecureDigitalCards|SecureDigitalCards,SecureDigitalCards,5,Electronics,Accessories,MemoryCards,SecureDigitalCards,,,,170
Electronics|Mobiles&Accessories|Smartphones&BasicMobiles|BasicMobiles|BasicMobiles,BasicMobiles,5,Electronics,Mobiles&Accessories,Smartphones&BasicMobiles,BasicMobiles,,,,171
Computers&Accessories|Accessories&Peripherals|Audio&VideoAccessories|PCMicrophones|PCMicrophones,PCMicrophones,5,Computers&Accessories,Accessories&Peripherals,Audio&VideoAccessories,PCMicrophones,,,,172
Computers&Accessories|NetworkingDevices|NetworkingDevices,NetworkingDevices,3,Computers&Accessories,NetworkingDevices,,,,,,173
Computers&Accessories|Monitors|Monitors,Monitors,3,Computers&Accessories,Monitors,,,,,,174
Electronics|Mobiles&Accessories|MobileAccessories|StylusPens|StylusPens,StylusPens,5,Electronics,Mobiles&Accessories,MobileAccessories,StylusPens,,,,175
Computers&Accessories|Accessories&Peripherals|Audio&VideoAccessories|PCSpeakers|PCSpeakers,PCSpeakers,5,Computers&Accessories,Accessories&Peripherals,Audio&VideoAccessories,PCSpeakers,,,,176
Computers&Accessories|NetworkingDevices|DataCards&Dongles|DataCards&Dongles,DataCards&Dongles,4,Computers&Accessories,NetworkingDevices,DataCards&Dongles,,,,,177
Electronics|HomeAudio|Accessories|SpeakerAccessories|Mounts|Mounts,Mounts,6,Electronics,HomeAudio,Accessories,SpeakerAccessories,Mounts,,,178
"Electronics|Mobiles&Accessories|MobileAccessories|Maintenance,Upkeep&Repairs|ScreenProtectors|ScreenProtectors",ScreenProtectors,6,Electronics,Mobiles&Accessories,MobileAccessories,"Maintenance,Upkeep&Repairs",ScreenProtectors,,,179
Electronics|Cameras&Photography|Flashes|Macro&RinglightFlashes|Macro&RinglightFlashes,Macro&RinglightFlashes,5,Electronics,Cameras&Photography,Flashes,Macro&RinglightFlashes,,,,180
Electronics|Mobiles&Accessories|MobileAccessories|Décor|Décor,Décor,5,Electronics,Mobiles&Accessories,MobileAccessories,Décor,,,,181
Home&Kitchen|Kitchen&HomeAppliances|SmallKitchenAppliances|DeepFatFryers|AirFryers|AirFryers,AirFryers,6,Home&Kitchen,Kitchen&HomeAppliances,SmallKitchenAppliances,DeepFatFryers,AirFryers,,,182
Home&Kitchen|Kitchen&HomeAppliances|SmallKitchenAppliances|SmallKitchenAppliances,SmallKitchenAppliances,4,Home&Kitchen,Kitchen&HomeAppliances,SmallKitchenAppliances,,,,,183
"Home&Kitchen|Heating,Cooling&AirQuality|Fans|TableFans|TableFans",TableFans,5,Home&Kitchen,"Heating,Cooling&AirQuality",Fans,TableFans,,,,184
"Electronics|Headphones,Earbuds&Accessories|Earpads|Earpads",Earpads,4,Electronics,"Headphones,Earbuds&Accessories",Earpads,,,,,185
"OfficeProducts|OfficePaperProducts|Paper|Stationery|Notebooks,WritingPads&Diaries|Notebooks,WritingPads&Diaries","Notebooks,WritingPads&Diaries",6,OfficeProducts,OfficePaperProducts,Paper,Stationery,"Notebooks,WritingPads&Diaries",,,186
Electronics|Mobiles&Accessories|MobileAccessories|Photo&VideoAccessories|Tripods|Tripods,Tripods,6,Electronics,Mobiles&Accessories,MobileAccessories,Photo&VideoAccessories,Tripods,,,187
Car&Motorbike|CarAccessories|InteriorAccessories|AirPurifiers&Ionizers|AirPurifiers&Ionizers,AirPurifiers&Ionizers,5,Car&Motorbike,CarAccessories,InteriorAccessories,AirPurifiers&Ionizers,,,,188
Electronics|Mobiles&Accessories|MobileAccessories|Mounts|Bedstand&DeskMounts|Bedstand&DeskMounts,Bedstand&DeskMounts,6,Electronics,Mobiles&Accessories,MobileAccessories,Mounts,Bedstand&DeskMounts,,,189
"Home&Kitchen|Kitchen&HomeAppliances|Vacuum,Cleaning&Ironing|Vacuums&FloorCare|Vacuums|RoboticVacuums|RoboticVacuums",RoboticVacuums,7,Home&Kitchen,Kitchen&HomeAppliances,"Vacuum,Cleaning&Ironing",Vacuums&FloorCare,Vacuums,RoboticVacuums,,190
Computers&Accessories|Accessories&Peripherals|Adapters|USBtoUSBAdapters|USBtoUSBAdapters,USBtoUSBAdapters,5,Computers&Accessories,Accessories&Peripherals,Adapters,USBtoUSBAdapters,,,,191
"Home&Kitchen|Kitchen&HomeAppliances|Coffee,Tea&Espresso|StovetopEspressoPots|StovetopEspressoPots",StovetopEspressoPots,5,Home&Kitchen,Kitchen&HomeAppliances,"Coffee,Tea&Espresso",StovetopEspressoPots,,,,192
OfficeProducts|OfficePaperProducts|Paper|Copy&PrintingPaper|ColouredPaper|ColouredPaper,ColouredPaper,6,OfficeProducts,OfficePaperProducts,Paper,Copy&PrintingPaper,ColouredPaper,,,193
Home&Kitchen|Kitchen&HomeAppliances|SmallKitchenAppliances|StandMixers|StandMixers,StandMixers,5,Home&Kitchen,Kitchen&HomeAppliances,SmallKitchenAppliances,StandMixers,,,,194
"Electronics|HomeTheater,TV&Video|AVReceivers&Amplifiers|AVReceivers&Amplifiers",AVReceivers&Amplifiers,4,Electronics,"HomeTheater,TV&Video",AVReceivers&Amplifiers,,,,,195
"Electronics|HomeTheater,TV&Video|Accessories|3DGlasses|3DGlasses",3DGlasses,5,Electronics,"HomeTheater,TV&Video",Accessories,3DGlasses,,,,196
Computers&Accessories|NetworkingDevices|NetworkAdapters|BluetoothAdapters|BluetoothAdapters,BluetoothAdapters,5,Computers&Accessories,NetworkingDevices,NetworkAdapters,BluetoothAdapters,,,,197
Electronics|Mobiles&Accessories|MobileAccessories|Photo&VideoAccessories|Flashes&SelfieLights|SelfieLights|SelfieLights,SelfieLights,7,Electronics,Mobiles&Accessories,MobileAccessories,Photo&VideoAccessories,Flashes&SelfieLights,SelfieLights,,198
Computers&Accessories|Accessories&Peripherals|Cables&Accessories|Cables|SATACables|SATACables,SATACables,6,Computers&Accessories,Accessories&Peripherals,Cables&Accessories,Cables,SATACables,,,199
Home&Kitchen|Kitchen&HomeAppliances|SmallKitchenAppliances|YogurtMakers|YogurtMakers,YogurtMakers,5,Home&Kitchen,Kitchen&HomeAppliances,SmallKitchenAppliances,YogurtMakers,,,,200
Electronics|Mobiles&Accessories|MobileAccessories|Cases&Covers|BasicCases|BasicCases,BasicCases,6,Electronics,Mobiles&Accessories,MobileAccessories,Cases&Covers,BasicCases,,,201
Electronics|HomeAudio|MediaStreamingDevices|StreamingClients|StreamingClients,StreamingClients,5,Electronics,HomeAudio,MediaStreamingDevices,StreamingClients,,,,202
Electronics|HomeAudio|Speakers|TowerSpeakers|TowerSpeakers,TowerSpeakers,5,Electronics,HomeAudio,Speakers,TowerSpeakers,,,,203
"Home&Kitchen|Heating,Cooling&AirQuality|AirConditioners|Split-SystemAirConditioners|Split-SystemAirConditioners",Split-SystemAirConditioners,5,Home&Kitchen,"Heating,Cooling&AirQuality",AirConditioners,Split-SystemAirConditioners,,,,204
"Home&Kitchen|Kitchen&HomeAppliances|Vacuum,Cleaning&Ironing|PressureWashers,Steam&WindowCleaners|PressureWashers,Steam&WindowCleaners","PressureWashers,Steam&WindowCleaners",5,Home&Kitchen,Kitchen&HomeAppliances,"Vacuum,Cleaning&Ironing","PressureWashers,Steam&WindowCleaners",,,,205
Computers&Accessories|Tablets|Tablets,Tablets,3,Computers&Accessories,Tablets,,,,,,206
Electronics|Mobiles&Accessories|MobileAccessories|Mounts|HandlebarMounts|HandlebarMounts,HandlebarMounts,6,Electronics,Mobiles&Accessories,MobileAccessories,Mounts,HandlebarMounts,,,207
Computers&Accessories|Laptops|TraditionalLaptops|TraditionalLaptops,TraditionalLaptops,4,Computers&Accessories,Laptops,TraditionalLaptops,,,,,208
"Home&Kitchen|Kitchen&HomeAppliances|Coffee,Tea&Espresso|CoffeeGrinders|ElectricGrinders|ElectricGrinders",ElectricGrinders,6,Home&Kitchen,Kitchen&HomeAppliances,"Coffee,Tea&Espresso",CoffeeGrinders,ElectricGrinders,,,209
Electronics|Mobiles&Accessories|MobileAccessories|Décor|PhoneCharms|PhoneCharms,PhoneCharms,6,Electronics,Mobiles&Accessories,MobileAccessories,Décor,PhoneCharms,,,210
Computers&Accessories|Components|InternalHardDrives|InternalHardDrives,InternalHardDrives,4,Computers&Accessories,Components,InternalHardDrives,,,,,211
